AbdulMoloek|abdulmuluk_utara|Z:/Abdul_Moeloek_1/
AbdulMoloek|abdulmuluk_selatan|Z:/Abdul_Moeloek_2/
AbdulMoloek|abdulmuluk_barat|Z:/Abdul_Moeloek_3/
Kantor_Gubernur|kantorgubernur|Z:/Kantor_Gubernur/
Pramuka|pramuka|Z:/Kantor_Gubernur/
Pramuka|pramuka_selatan|Z:/Pramuka_Bandar/
Pramuka|pramuka_barat|Z:/Pramuka-Kemiling/
Pramuka|pramuka_utara|Z:/Pramuka_Rajabasa/
Tugu_Juang|tugujuang|Z:/Tugu_Juang/
Unila|unila|Z:/Unila/
Unila|unila_selatan|Z:/Unila_1/
Unila|unila_utara|Z:/Unila_2/
Unila|unila_timur|Z:/Unila_3/
BasukiRachmat|basukir_utara|Y:/Basuki_Rachmat_1/
BasukiRachmat|basukir_barat|Y:/Basuki_Rachmat_2/
BasukiRachmat|basukir_selatan|Y:/Basuki_Rachmat_3/
BasukiRachmat|basukir_timur|Y:/Basuki_Rachmat_4/
Rajabasa|rajabasa|Y:/Rajabasa/
SAgung|sAgung|Y:/SAgung/
SAgung|sAgung_selatan|Y:/SAgung_RajaBasa/
SAgung|sAgung_utara|Y:/SAgung_TjKarang/
SAgung|sAgung_timur|Y:/SAgung_WayHalim/
Tugu_Radenintan|tugradenintan|Y:/Tg_Raden_Intan/
Tugu_adipura|tuguadipura|Y:/Tugu_adipura/
UripS|urip|Y:/UripS
UripS|urip_utara|Y:/UripS_RajaBasa
UripS|urip_selatan|Y:/UripS_TjKarang
UripS|urip_timur|Y:/UripS_UripS